<config>
    <input>
        <jar in="input.jar" out="output.jar"/>
    </input>

    <keep-names>
        <class access="private+">
            <field access="private+"/>
            <method access="private+"/>
        </class>
    </keep-names>

	<property name="random-seed" value="Cracked by CMANDN"/>
	<watermark key="secure-key-to-extract-watermark" value="Cracked by CMANDN"/>
    <property name="log-file" value="log.xml"/>
	<property name="string-encryption" value="enable"/>
	<property name="string-encryption-type" value="fast"/>
	<property name="string-encryption-version" value="v4"/>
	<property name="control-flow-obfuscation" value="disable"/>
	<property name="extensive-flow-obfuscation" value="maximum"/>
	<property name="local-variables-naming" value="keep"/>
	<property name="skip-renaming" value="enable"/>
	<property name="line-numbers" value="keep"/>
	<property name="generics" value="keep"/>
</config>
